{
  "ticker": "^GSPC",
  "train_ratio": 0.7,
  "baseline": {
    "auc": 0.738276612879172,
    "brier": 0.04563920333176066,
    "log_loss": 0.1920793129023293,
    "n_train": 6321,
    "n_test": 2709
  },
  "pcpi_enriched": {
    "auc": 0.6057863811256599,
    "brier": 0.0453101187030038,
    "log_loss": 0.1895226715088953,
    "n_train": 6321,
    "n_test": 2709
  },
  "relative_improvement": {
    "auc": -0.13249023175351216,
    "brier": 0.0003290846287568594,
    "log_loss": 0.002556641393434006
  }
}