{
  "ar_models": {
    "1": {
      "mse": 0.002710140102557794,
      "mae": 0.04148023332965364
    },
    "2": {
      "mse": 0.002684013623052916,
      "mae": 0.04126607350550098
    },
    "3": {
      "mse": 0.0026583224826486466,
      "mae": 0.04108558881976437
    },
    "5": {
      "mse": 0.0026160204267142865,
      "mae": 0.0407774141680343
    },
    "10": {
      "mse": 0.0025639150359072606,
      "mae": 0.04034416944857414
    }
  },
  "regression_markov_vs_pcpi": {
    "model_A": {
      "mse": 0.002710140102557794,
      "mae": 0.04148023332965364,
      "coeffs": {
        "intercept": 7.983166329072713,
        "coeffs": [
          -0.06064243967512291
        ]
      }
    },
    "model_B": {
      "mse": 0.002529262594608374,
      "mae": 0.04006479316635528,
      "coeffs": {
        "intercept": 2.916307680554061,
        "coeffs": [
          -0.10178207586642639,
          0.7143220877199589
        ]
      }
    },
    "relative_improvement_mse": 0.06674101747681253,
    "relative_improvement_mae": 0.034123244969465644
  },
  "ks_markov_violation": {
    "x0": 7.526759867664563,
    "eps": 0.01,
    "q_low": 0.3,
    "q_high": 0.7,
    "n_low": 4579,
    "n_high": 4579,
    "ks_stat": 0.2358593579384145,
    "p_value": 4.337391147615929e-112,
    "mean_next_low": 7.512580308957942,
    "mean_next_high": 7.541256267689385,
    "std_next_low": 0.050596397309366534,
    "std_next_high": 0.05145936246062161
  }
}