{
  "n_crises_used": 1102,
  "half_window": 80,
  "theta": {
    "baseline_mean": 0.09823054626425912,
    "baseline_std": 0.07257138332152324,
    "pre_mean": 0.22747846981939748,
    "pre_std": 0.1503291725530017,
    "t_stat": 194.8866026740745,
    "p_value": 0.0,
    "cohens_d": 1.0949780639621278
  },
  "vol": {
    "baseline_mean": 0.04046473374043776,
    "baseline_std": 0.0304710379911554,
    "pre_mean": 0.041238207851154646,
    "pre_std": 0.031817130111655975,
    "t_stat": 3.694495807249153,
    "p_value": 0.0002205553558766395,
    "cohens_d": 0.024829548928319053
  }
}